{"files":{"google_appengine_api_search_simple_search_stub_py":{"index":{"relative_filename":"google/appengine/api/search/simple_search_stub.py","html_filename":"google_appengine_api_search_simple_search_stub_py.html","nums":[1,691,0,548,0,0,0]},"hash":"d7d1d46a3c22b66d6400b589ec9cac84"},"webob_datetime_utils_py":{"index":{"relative_filename":"webob/datetime_utils.py","html_filename":"webob_datetime_utils_py.html","nums":[1,64,0,39,0,0,0]},"hash":"66dae3c1d0c01c1266dfc6aa2d299c71"},"requests_adapters_py":{"index":{"relative_filename":"requests/adapters.py","html_filename":"requests_adapters_py.html","nums":[1,205,0,154,0,0,0]},"hash":"47d83e637d2b211ef3197798e1e8fdd9"},"google_appengine_api_urlfetch_py":{"index":{"relative_filename":"google/appengine/api/urlfetch.py","html_filename":"google_appengine_api_urlfetch_py.html","nums":[1,177,0,135,0,0,0]},"hash":"a6cd70c9ae62400f6147e26b87007719"},"HTMLParser_py":{"index":{"relative_filename":"HTMLParser.py","html_filename":"HTMLParser_py.html","nums":[1,306,0,306,0,0,0]},"hash":"ed770d292a6b5c2285508bb9e826b866"},"google_appengine_ext_ndb_query_py":{"index":{"relative_filename":"google/appengine/ext/ndb/query.py","html_filename":"google_appengine_ext_ndb_query_py.html","nums":[1,1030,0,704,0,0,0]},"hash":"e1a34406817e2b94d34ebd91f347ad8e"},"webob_byterange_py":{"index":{"relative_filename":"webob/byterange.py","html_filename":"webob_byterange_py.html","nums":[1,96,0,77,0,0,0]},"hash":"5115219c86a5dceebdf8698142754d57"},"google_appengine_api_namespace_manager_namespace_manager_py":{"index":{"relative_filename":"google/appengine/api/namespace_manager/namespace_manager.py","html_filename":"google_appengine_api_namespace_manager_namespace_manager_py.html","nums":[1,42,0,12,0,0,0]},"hash":"d40d437edd121e1564289dc647c4c3d5"},"google_appengine_datastore_datastore_index_xml_py":{"index":{"relative_filename":"google/appengine/datastore/datastore_index_xml.py","html_filename":"google_appengine_datastore_datastore_index_xml_py.html","nums":[1,83,0,65,0,0,0]},"hash":"c3e74d0bca755db3d2f3a7a4f2076ce8"},"requests_api_py":{"index":{"relative_filename":"requests/api.py","html_filename":"requests_api_py.html","nums":[1,22,0,12,0,0,0]},"hash":"8a4d957d8913f0af648150a5bf50818f"},"requests_packages_urllib3_util_timeout_py":{"index":{"relative_filename":"requests/packages/urllib3/util/timeout.py","html_filename":"requests_packages_urllib3_util_timeout_py.html","nums":[1,59,0,42,0,0,0]},"hash":"2baa11aedded61ea5decf2534f2cb2a9"},"google_appengine_api_modules_modules_py":{"index":{"relative_filename":"google/appengine/api/modules/modules.py","html_filename":"google_appengine_api_modules_modules_py.html","nums":[1,139,0,108,0,0,0]},"hash":"fac3598814b668e41531e6d983b24143"},"canvas_sdk_py":{"index":{"relative_filename":"canvas_sdk.py","html_filename":"canvas_sdk_py.html","nums":[1,1,0,0,0,0,0]},"hash":"89e4ba3486ba020634cc06ea9ee9dd98"},"jinja2_exceptions_py":{"index":{"relative_filename":"jinja2/exceptions.py","html_filename":"jinja2_exceptions_py.html","nums":[1,61,0,41,0,0,0]},"hash":"ca945fca707dd00b8e52ba5566a44261"},"google_net_proto_py":{"index":{"relative_filename":"google/net/proto.py","html_filename":"google_net_proto_py.html","nums":[1,0,0,0,0,0,0]},"hash":"6239d0b6cb583d35659c51e6c5e002c1"},"google_appengine_api_app_identity_app_identity_service_pb_py":{"index":{"relative_filename":"google/appengine/api/app_identity/app_identity_service_pb.py","html_filename":"google_appengine_api_app_identity_app_identity_service_pb_py.html","nums":[1,1247,0,749,0,0,0]},"hash":"4f8f29f95f699241cb80c1387ac9b479"},"google_appengine_api_source_pb_py":{"index":{"relative_filename":"google/appengine/api/source_pb.py","html_filename":"google_appengine_api_source_pb_py.html","nums":[1,131,0,81,0,0,0]},"hash":"aff7e5e45de52a5257e484580717c9d1"},"google_appengine_api_datastore_types_py":{"index":{"relative_filename":"google/appengine/api/datastore_types.py","html_filename":"google_appengine_api_datastore_types_py.html","nums":[1,743,0,484,0,0,0]},"hash":"114babea76aad6d8d3114b65b675addd"},"google_appengine_datastore_datastore_query_py":{"index":{"relative_filename":"google/appengine/datastore/datastore_query.py","html_filename":"google_appengine_datastore_datastore_query_py.html","nums":[1,1423,0,854,0,0,0]},"hash":"4db6054cfe4e67fc8953e397d9a8977a"},"bs4_py":{"index":{"relative_filename":"bs4.py","html_filename":"bs4_py.html","nums":[1,270,0,224,0,0,0]},"hash":"27f64a98ca78f89ea776b9c3dd5680ad"},"google_appengine_api_mail_service_pb_py":{"index":{"relative_filename":"google/appengine/api/mail_service_pb.py","html_filename":"google_appengine_api_mail_service_pb_py.html","nums":[1,707,0,497,0,0,0]},"hash":"8ea16519bb9b810c83485a721f7da91b"},"course_datastore_unitest_py":{"index":{"relative_filename":"course_datastore_unitest.py","html_filename":"course_datastore_unitest_py.html","nums":[1,93,0,2,0,0,0]},"hash":"d840f6fc12612ac6817b52ef2162fa72"},"google_appengine_api_request_info_py":{"index":{"relative_filename":"google/appengine/api/request_info.py","html_filename":"google_appengine_api_request_info_py.html","nums":[1,176,0,89,0,0,0]},"hash":"2bfa348115194ae2a3f1edfa077b4d24"},"jinja2_lexer_py":{"index":{"relative_filename":"jinja2/lexer.py","html_filename":"jinja2_lexer_py.html","nums":[1,317,0,206,0,0,0]},"hash":"1e819a3d15f2d4d29a993ba245afde61"},"google_appengine__internal_antlr3_dfa_py":{"index":{"relative_filename":"google/appengine/_internal/antlr3/dfa.py","html_filename":"google_appengine__internal_antlr3_dfa_py.html","nums":[1,72,0,54,0,0,0]},"hash":"35e42c55ae7858de331b836164925f68"},"canvas_sdk_utils_py":{"index":{"relative_filename":"canvas_sdk/utils.py","html_filename":"canvas_sdk_utils_py.html","nums":[1,28,0,20,0,0,0]},"hash":"e84e235395228b5fe71ab0f5f3e03269"},"cgi_py":{"index":{"relative_filename":"cgi.py","html_filename":"cgi_py.html","nums":[1,584,0,584,0,0,0]},"hash":"16c5d6300142642d40fe491a1a9dcbcb"},"google_appengine_api_mail_py":{"index":{"relative_filename":"google/appengine/api/mail.py","html_filename":"google_appengine_api_mail_py.html","nums":[1,524,0,402,0,0,0]},"hash":"70e74ec9424056ca90cccb1c3d9e68a9"},"_LWPCookieJar_py":{"index":{"relative_filename":"_LWPCookieJar.py","html_filename":"_LWPCookieJar_py.html","nums":[1,93,0,93,0,0,0]},"hash":"57fcde2e38e0488b9751a660a857cdea"},"canvas_sdk_methods_users_py":{"index":{"relative_filename":"canvas_sdk/methods/users.py","html_filename":"canvas_sdk_methods_users_py.html","nums":[1,128,0,105,0,0,0]},"hash":"1618e0bbac76c0565cb32f83c28f90a3"},"jinja2_compiler_py":{"index":{"relative_filename":"jinja2/compiler.py","html_filename":"jinja2_compiler_py.html","nums":[1,1041,0,894,0,0,0]},"hash":"057014321c55913e9a6809fae085135e"},"ctypes_macholib_framework_py":{"index":{"relative_filename":"ctypes/macholib/framework.py","html_filename":"ctypes_macholib_framework_py.html","nums":[1,23,0,23,0,0,0]},"hash":"c8d5b274d6e2eb44f02cdd0e83ef7c6a"},"google_appengine_api_channel_channel_service_pb_py":{"index":{"relative_filename":"google/appengine/api/channel/channel_service_pb.py","html_filename":"google_appengine_api_channel_channel_service_pb_py.html","nums":[1,347,0,210,0,0,0]},"hash":"e6d5997d1361fa33bc742fa7b6e967b2"},"webob_etag_py":{"index":{"relative_filename":"webob/etag.py","html_filename":"webob_etag_py.html","nums":[1,96,6,47,0,0,0]},"hash":"d48b4c2953c1b51fedd3589ac21c69a4"},"requests_py":{"index":{"relative_filename":"requests.py","html_filename":"requests_py.html","nums":[1,30,0,5,0,0,0]},"hash":"a990867765f5afa2a91495611360acef"},"google_appengine_api_logservice_py":{"index":{"relative_filename":"google/appengine/api/logservice.py","html_filename":"google_appengine_api_logservice_py.html","nums":[1,2,0,0,0,0,0]},"hash":"45041b1b83ec01473156ef3b32c2a782"},"google_appengine_api_search_unicode_util_py":{"index":{"relative_filename":"google/appengine/api/search/unicode_util.py","html_filename":"google_appengine_api_search_unicode_util_py.html","nums":[1,16,0,12,0,0,0]},"hash":"be22eb0b8671a2be72146705702ba1f0"},"google_appengine_api_search_stub_tokens_py":{"index":{"relative_filename":"google/appengine/api/search/stub/tokens.py","html_filename":"google_appengine_api_search_stub_tokens_py.html","nums":[1,41,0,23,0,0,0]},"hash":"c04c7557da44b9ff8293a404d90939a2"},"requests_packages_urllib3_packages_six_py":{"index":{"relative_filename":"requests/packages/urllib3/packages/six.py","html_filename":"requests_packages_urllib3_packages_six_py.html","nums":[1,444,0,203,0,0,0]},"hash":"3db79c591c7dd3912d93b285611a8f34"},"webapp2_extras_py":{"index":{"relative_filename":"webapp2_extras.py","html_filename":"webapp2_extras_py.html","nums":[1,1,0,0,0,0,0]},"hash":"aa458851c03f8b378a458d6dbafd3e5f"},"google_appengine_api_app_identity_app_identity_stub_py":{"index":{"relative_filename":"google/appengine/api/app_identity/app_identity_stub.py","html_filename":"google_appengine_api_app_identity_app_identity_stub_py.html","nums":[1,95,0,57,0,0,0]},"hash":"4018c7c8d203f5ba7b648c1b72d091fb"},"google_appengine_ext_ndb_context_py":{"index":{"relative_filename":"google/appengine/ext/ndb/context.py","html_filename":"google_appengine_ext_ndb_context_py.html","nums":[1,681,0,414,0,0,0]},"hash":"720caac3f10274cb5db8aa3eb70b33ae"},"google_appengine_api_urlfetch_service_pb_py":{"index":{"relative_filename":"google/appengine/api/urlfetch_service_pb.py","html_filename":"google_appengine_api_urlfetch_service_pb_py.html","nums":[1,859,0,595,0,0,0]},"hash":"0fe6af56097a3e4d9c54f93a66e7ab01"},"google_appengine_ext_cloudstorage_cloudstorage_stub_py":{"index":{"relative_filename":"google/appengine/ext/cloudstorage/cloudstorage_stub.py","html_filename":"google_appengine_ext_cloudstorage_cloudstorage_stub_py.html","nums":[1,248,0,203,0,0,0]},"hash":"79e030dbed958bc0cbcbc84d420d3197"},"google_appengine_api_namespace_manager_py":{"index":{"relative_filename":"google/appengine/api/namespace_manager.py","html_filename":"google_appengine_api_namespace_manager_py.html","nums":[1,2,0,0,0,0,0]},"hash":"8b125e224c523f9ab85022868641ecd3"},"webtest_py":{"index":{"relative_filename":"webtest.py","html_filename":"webtest_py.html","nums":[1,15,0,0,0,0,0]},"hash":"a0aff6e536c1e501fa97cf45a62d9a33"},"google_appengine_datastore_entity_pb_py":{"index":{"relative_filename":"google/appengine/datastore/entity_pb.py","html_filename":"google_appengine_datastore_entity_pb_py.html","nums":[1,3484,0,2123,0,0,0]},"hash":"a894e6ddeaa23d77f4e4b1b3aebe417a"},"google_appengine_datastore_datastore_v4_pb_py":{"index":{"relative_filename":"google/appengine/datastore/datastore_v4_pb.py","html_filename":"google_appengine_datastore_datastore_v4_pb_py.html","nums":[1,5319,0,3678,0,0,0]},"hash":"9b4bad46fa307fbfeb8ca41b1d62bc92"},"bs4_builder_py":{"index":{"relative_filename":"bs4/builder.py","html_filename":"bs4_builder_py.html","nums":[1,145,0,70,0,0,0]},"hash":"d921cd16fabbb02c1c7a7bd4af224f94"},"gzip_py":{"index":{"relative_filename":"gzip.py","html_filename":"gzip_py.html","nums":[1,326,0,326,0,0,0]},"hash":"7d37a78a0221ca70d8d4f37667edcc3c"},"cookielib_py":{"index":{"relative_filename":"cookielib.py","html_filename":"cookielib_py.html","nums":[1,951,0,951,0,0,0]},"hash":"c1e010e2931c2cedd77e616656a5f1a8"},"jinja2_py":{"index":{"relative_filename":"jinja2.py","html_filename":"jinja2_py.html","nums":[1,11,0,0,0,0,0]},"hash":"4892ff152936f22b269eb70394a4cc1a"},"google_appengine__internal_antlr3_tokens_py":{"index":{"relative_filename":"google/appengine/_internal/antlr3/tokens.py","html_filename":"google_appengine__internal_antlr3_tokens_py.html","nums":[1,155,0,88,0,0,0]},"hash":"ca7a7fd9b566f0ec8d0575d955587b85"},"dummy_thread_py":{"index":{"relative_filename":"dummy_thread.py","html_filename":"dummy_thread_py.html","nums":[1,58,0,58,0,0,0]},"hash":"1f5e07eb1a43354cae86e1cee7b644a9"},"google_appengine_api_search_expression_parser_py":{"index":{"relative_filename":"google/appengine/api/search/expression_parser.py","html_filename":"google_appengine_api_search_expression_parser_py.html","nums":[1,24,0,12,0,0,0]},"hash":"853fba6a2a54ab9b4fdd70b2a1871287"},"google_appengine__internal_antlr3_streams_py":{"index":{"relative_filename":"google/appengine/_internal/antlr3/streams.py","html_filename":"google_appengine__internal_antlr3_streams_py.html","nums":[1,553,0,436,0,0,0]},"hash":"ef1af757b25e0307e51047603f709a6d"},"webob_cachecontrol_py":{"index":{"relative_filename":"webob/cachecontrol.py","html_filename":"webob_cachecontrol_py.html","nums":[1,140,0,86,0,0,0]},"hash":"322c3afa8f73fd168c8e8d069d1e207f"},"google_appengine_api_search_stub_document_matcher_py":{"index":{"relative_filename":"google/appengine/api/search/stub/document_matcher.py","html_filename":"google_appengine_api_search_stub_document_matcher_py.html","nums":[1,283,0,238,0,0,0]},"hash":"b2fe5f666583e14694b4a6d22782af0e"},"google_appengine_api_system_py":{"index":{"relative_filename":"google/appengine/api/system.py","html_filename":"google_appengine_api_system_py.html","nums":[1,0,0,0,0,0,0]},"hash":"6239d0b6cb583d35659c51e6c5e002c1"},"google_appengine_ext_cloudstorage_stub_dispatcher_py":{"index":{"relative_filename":"google/appengine/ext/cloudstorage/stub_dispatcher.py","html_filename":"google_appengine_ext_cloudstorage_stub_dispatcher_py.html","nums":[1,236,0,192,0,0,0]},"hash":"e5e48178a6e43c41d0b9ec42e5d4bb8a"},"google_appengine__internal_antlr3_constants_py":{"index":{"relative_filename":"google/appengine/_internal/antlr3/constants.py","html_filename":"google_appengine__internal_antlr3_constants_py.html","nums":[1,8,0,0,0,0,0]},"hash":"70138c7c173a521b521fe8509743f8f7"},"webtest_utils_py":{"index":{"relative_filename":"webtest/utils.py","html_filename":"webtest_utils_py.html","nums":[1,87,2,54,0,0,0]},"hash":"2353bbddd1ae0dd54f4e2aeb609dacfb"},"google_appengine_base_capabilities_pb_py":{"index":{"relative_filename":"google/appengine/base/capabilities_pb.py","html_filename":"google_appengine_base_capabilities_pb_py.html","nums":[1,385,0,266,0,0,0]},"hash":"665159ce96564abbd60bf5c8fb050134"},"google_appengine_datastore_datastore_stub_index_py":{"index":{"relative_filename":"google/appengine/datastore/datastore_stub_index.py","html_filename":"google_appengine_datastore_datastore_stub_index_py.html","nums":[1,231,0,195,0,0,0]},"hash":"865b5db8759d7aafb79233c673c68e7e"},"google_appengine_api_capabilities_py":{"index":{"relative_filename":"google/appengine/api/capabilities.py","html_filename":"google_appengine_api_capabilities_py.html","nums":[1,56,0,33,0,0,0]},"hash":"23376f32114b1f956e651616e41b191c"},"mimetypes_py":{"index":{"relative_filename":"mimetypes.py","html_filename":"mimetypes_py.html","nums":[1,199,0,199,0,0,0]},"hash":"39ba048e894d8e0e137ba9c7dce5c44a"},"google_appengine_api_images_images_service_pb_py":{"index":{"relative_filename":"google/appengine/api/images/images_service_pb.py","html_filename":"google_appengine_api_images_images_service_pb_py.html","nums":[1,2657,0,1824,0,0,0]},"hash":"e717e752f01d06b696826e97865e21e2"},"canvas_sdk_exceptions_py":{"index":{"relative_filename":"canvas_sdk/exceptions.py","html_filename":"canvas_sdk_exceptions_py.html","nums":[1,15,0,7,0,0,0]},"hash":"cbfe8c999d07d239a3798848de25641b"},"google_appengine_api_images_py":{"index":{"relative_filename":"google/appengine/api/images.py","html_filename":"google_appengine_api_images_py.html","nums":[1,566,0,463,0,0,0]},"hash":"1b67f4b6f9a0d463e84ba9fad11c0914"},"google_appengine_datastore_datastore_v4_validator_py":{"index":{"relative_filename":"google/appengine/datastore/datastore_v4_validator.py","html_filename":"google_appengine_datastore_datastore_v4_validator_py.html","nums":[1,359,0,260,0,0,0]},"hash":"d42acf0883997d8cda44ae287bfe9be1"},"requests_packages_urllib3_util_request_py":{"index":{"relative_filename":"requests/packages/urllib3/util/request.py","html_filename":"requests_packages_urllib3_util_request_py.html","nums":[1,45,0,36,0,0,0]},"hash":"eee4a3f195016d6c7c3b62127d50bd0f"},"google_appengine_datastore_py":{"index":{"relative_filename":"google/appengine/datastore.py","html_filename":"google_appengine_datastore_py.html","nums":[1,0,0,0,0,0,0]},"hash":"6239d0b6cb583d35659c51e6c5e002c1"},"google_appengine_api_files_file_py":{"index":{"relative_filename":"google/appengine/api/files/file.py","html_filename":"google_appengine_api_files_file_py.html","nums":[1,373,0,299,0,0,0]},"hash":"cce1d4f8f934445152f487e627691b7f"},"google_appengine_api_search_stub_simple_tokenizer_py":{"index":{"relative_filename":"google/appengine/api/search/stub/simple_tokenizer.py","html_filename":"google_appengine_api_search_stub_simple_tokenizer_py.html","nums":[1,71,0,53,0,0,0]},"hash":"0ab495596ed102183f42258a4fabccff"},"jinja2_bccache_py":{"index":{"relative_filename":"jinja2/bccache.py","html_filename":"jinja2_bccache_py.html","nums":[1,122,0,81,0,0,0]},"hash":"f5485698244c9b5aa209a96ef5c0f4be"},"webob_descriptors_py":{"index":{"relative_filename":"webob/descriptors.py","html_filename":"webob_descriptors_py.html","nums":[1,195,21,117,0,0,0]},"hash":"197748abfa1a6095bd00f4be39a3e46b"},"simplejson_scanner_py":{"index":{"relative_filename":"simplejson/scanner.py","html_filename":"simplejson_scanner_py.html","nums":[1,91,0,60,0,0,0]},"hash":"ac7a94e6701666b1163728e099e7e0b1"},"requests_utils_py":{"index":{"relative_filename":"requests/utils.py","html_filename":"requests_utils_py.html","nums":[1,354,0,293,0,0,0]},"hash":"57c5b194c300d963c965a0f77fddc30d"},"rsa_varblock_py":{"index":{"relative_filename":"rsa/varblock.py","html_filename":"rsa_varblock_py.html","nums":[1,56,0,48,0,0,0]},"hash":"f275fd0063f6561b1b2be937385ad0b7"},"markupsafe__native_py":{"index":{"relative_filename":"markupsafe/_native.py","html_filename":"markupsafe__native_py.html","nums":[1,14,0,9,0,0,0]},"hash":"8f2f0e90c8973145aa3c796c3306411b"},"google_appengine_api_memcache_py":{"index":{"relative_filename":"google/appengine/api/memcache.py","html_filename":"google_appengine_api_memcache_py.html","nums":[1,472,0,220,0,0,0]},"hash":"aa5535b35159412d824880f1831134f0"},"webtest_lint_py":{"index":{"relative_filename":"webtest/lint.py","html_filename":"webtest_lint_py.html","nums":[1,205,0,155,0,0,0]},"hash":"2526531bf3543eccaf84267c2abf33f8"},"canvas_sdk_methods_courses_py":{"index":{"relative_filename":"canvas_sdk/methods/courses.py","html_filename":"canvas_sdk_methods_courses_py.html","nums":[1,156,0,134,0,0,0]},"hash":"55bbff115e99b5dffd4e9d4f2f742c69"},"requests_packages_urllib3_response_py":{"index":{"relative_filename":"requests/packages/urllib3/response.py","html_filename":"requests_packages_urllib3_response_py.html","nums":[1,302,0,250,0,0,0]},"hash":"ba20f5c0410553f640d1fd3454ae20a2"},"requests_status_codes_py":{"index":{"relative_filename":"requests/status_codes.py","html_filename":"requests_status_codes_py.html","nums":[1,8,0,0,0,0,0]},"hash":"c93460260a5259358cb8444585b79da9"},"jinja2_filters_py":{"index":{"relative_filename":"jinja2/filters.py","html_filename":"jinja2_filters_py.html","nums":[1,273,0,205,0,0,0]},"hash":"390472fab934953b20e623acd728adf2"},"jinja2_environment_py":{"index":{"relative_filename":"jinja2/environment.py","html_filename":"jinja2_environment_py.html","nums":[1,455,0,327,0,0,0]},"hash":"813f929250f086da0875b451568fef92"},"webtest_response_py":{"index":{"relative_filename":"webtest/response.py","html_filename":"webtest_response_py.html","nums":[1,261,16,215,0,0,0]},"hash":"91c56fdf01d49d4c118a50b53ccbd10a"},"rsa__compat_py":{"index":{"relative_filename":"rsa/_compat.py","html_filename":"rsa__compat_py.html","nums":[1,56,0,28,0,0,0]},"hash":"5651ccb3fd3f738e3a81da5158a01d9a"},"requests_packages_py":{"index":{"relative_filename":"requests/packages.py","html_filename":"requests_packages_py.html","nums":[1,12,0,6,0,0,0]},"hash":"feac3ef3ea0d2558161c578f7ba8feae"},"google_appengine_api_logservice_logsutil_py":{"index":{"relative_filename":"google/appengine/api/logservice/logsutil.py","html_filename":"google_appengine_api_logservice_logsutil_py.html","nums":[1,83,0,43,0,0,0]},"hash":"208555215dd205d51cab19a515e26c86"},"requests__internal_utils_py":{"index":{"relative_filename":"requests/_internal_utils.py","html_filename":"requests__internal_utils_py.html","nums":[1,16,0,12,0,0,0]},"hash":"2b2b83594178dde37f6c19ac76ac5a42"},"requests_compat_py":{"index":{"relative_filename":"requests/compat.py","html_filename":"requests_compat_py.html","nums":[1,37,0,15,0,0,0]},"hash":"6df749ae5549a2dff15e688b10525f6c"},"google_appengine_ext_cloudstorage_common_py":{"index":{"relative_filename":"google/appengine/ext/cloudstorage/common.py","html_filename":"google_appengine_ext_cloudstorage_common_py.html","nums":[1,154,0,96,0,0,0]},"hash":"9b5865484539b196e8d36e6a479952e4"},"google_appengine_api_xmpp_xmpp_service_stub_py":{"index":{"relative_filename":"google/appengine/api/xmpp/xmpp_service_stub.py","html_filename":"google_appengine_api_xmpp_xmpp_service_stub_py.html","nums":[1,129,0,107,0,0,0]},"hash":"ef94c306edba04eaac2f6cbb485c0718"},"google_appengine_api_xmpp_py":{"index":{"relative_filename":"google/appengine/api/xmpp.py","html_filename":"google_appengine_api_xmpp_py.html","nums":[1,205,0,155,0,0,0]},"hash":"29bbcf812c95d2f68a22c9cbb8072eeb"},"google_appengine_datastore_cloud_datastore_v1_stub_py":{"index":{"relative_filename":"google/appengine/datastore/cloud_datastore_v1_stub.py","html_filename":"google_appengine_datastore_cloud_datastore_v1_stub_py.html","nums":[1,307,0,266,0,0,0]},"hash":"1168098c1e9670b0d155ed4dc799d6e7"},"ctypes_macholib_dyld_py":{"index":{"relative_filename":"ctypes/macholib/dyld.py","html_filename":"ctypes_macholib_dyld_py.html","nums":[1,94,0,94,0,0,0]},"hash":"83bfbe0bc863982f999201c92cdc29b4"},"google_appengine_api_logservice_logservice_stub_py":{"index":{"relative_filename":"google/appengine/api/logservice/logservice_stub.py","html_filename":"google_appengine_api_logservice_logservice_stub_py.html","nums":[1,193,0,159,0,0,0]},"hash":"9b558229c4a024167261fe808c8a65a2"},"google_appengine_api_taskqueue_taskqueue_service_pb_py":{"index":{"relative_filename":"google/appengine/api/taskqueue/taskqueue_service_pb.py","html_filename":"google_appengine_api_taskqueue_taskqueue_service_pb_py.html","nums":[1,6393,0,4484,0,0,0]},"hash":"13261a593e92af78007d160846606ec6"},"urllib2_py":{"index":{"relative_filename":"urllib2.py","html_filename":"urllib2_py.html","nums":[1,828,0,828,0,0,0]},"hash":"397a5b8fe3cdfd0c0cd9fb0043bd2764"},"google_appengine_api_logservice_log_service_pb_py":{"index":{"relative_filename":"google/appengine/api/logservice/log_service_pb.py","html_filename":"google_appengine_api_logservice_log_service_pb_py.html","nums":[1,3778,0,2757,0,0,0]},"hash":"3516abffcbbe0b5f70020a34fd43c3cd"},"google_appengine_api_urlfetch_stub_py":{"index":{"relative_filename":"google/appengine/api/urlfetch_stub.py","html_filename":"google_appengine_api_urlfetch_stub_py.html","nums":[1,248,0,195,0,0,0]},"hash":"867191a1b40c90998cfb12a253713f84"},"google_appengine_api_modules_modules_stub_py":{"index":{"relative_filename":"google/appengine/api/modules/modules_stub.py","html_filename":"google_appengine_api_modules_modules_stub_py.html","nums":[1,82,0,63,0,0,0]},"hash":"aae1ed37713c5d243c884fcaed783889"},"jinja2_runtime_py":{"index":{"relative_filename":"jinja2/runtime.py","html_filename":"jinja2_runtime_py.html","nums":[1,264,0,173,0,0,0]},"hash":"5294d19250acd72e8577734d1724c76b"},"google_appengine_datastore_datastore_pb_py":{"index":{"relative_filename":"google/appengine/datastore/datastore_pb.py","html_filename":"google_appengine_datastore_datastore_pb_py.html","nums":[1,15,0,0,0,0,0]},"hash":"5413f2de95cb64d350b2a7009c7c224d"},"requests_packages_urllib3_py":{"index":{"relative_filename":"requests/packages/urllib3.py","html_filename":"requests_packages_urllib3_py.html","nums":[1,38,0,12,0,0,0]},"hash":"7773bebdd94a667efa19a4ce70144f83"},"google_appengine_api_xmpp_xmpp_service_pb_py":{"index":{"relative_filename":"google/appengine/api/xmpp/xmpp_service_pb.py","html_filename":"google_appengine_api_xmpp_xmpp_service_pb_py.html","nums":[1,1090,0,694,0,0,0]},"hash":"ba656fddfc11c3df98c3707becf87af3"},"requests_exceptions_py":{"index":{"relative_filename":"requests/exceptions.py","html_filename":"requests_exceptions_py.html","nums":[1,32,0,6,0,0,0]},"hash":"349e40bb1059cc8b7afd8a19e63ff202"},"canvas_sdk_methods_sections_py":{"index":{"relative_filename":"canvas_sdk/methods/sections.py","html_filename":"canvas_sdk_methods_sections_py.html","nums":[1,48,0,39,0,0,0]},"hash":"803da5a636ca08c8635d3671a026fcef"},"webob_compat_py":{"index":{"relative_filename":"webob/compat.py","html_filename":"webob_compat_py.html","nums":[1,46,109,14,0,0,0]},"hash":"7cf23f3300b006caa76fcc7027e5578d"},"requests_packages_urllib3__collections_py":{"index":{"relative_filename":"requests/packages/urllib3/_collections.py","html_filename":"requests_packages_urllib3__collections_py.html","nums":[1,178,0,130,0,0,0]},"hash":"9ebfc5197ec553c29a40ae9df85e046b"},"wsgiref_handlers_py":{"index":{"relative_filename":"wsgiref/handlers.py","html_filename":"wsgiref_handlers_py.html","nums":[1,196,0,196,0,0,0]},"hash":"bd440c6f06e1f2645a04024ce166807c"},"google_appengine_api_blobstore_blobstore_service_pb_py":{"index":{"relative_filename":"google/appengine/api/blobstore/blobstore_service_pb.py","html_filename":"google_appengine_api_blobstore_blobstore_service_pb_py.html","nums":[1,1093,0,701,0,0,0]},"hash":"97c56d4943a10644df9ec6f3ff185d9f"},"data_courseitem_py":{"index":{"relative_filename":"data/courseitem.py","html_filename":"data_courseitem_py.html","nums":[1,46,0,24,0,0,0]},"hash":"3d8d20930199da86e64a555558bae3f0"},"google_appengine_api_datastore_admin_py":{"index":{"relative_filename":"google/appengine/api/datastore_admin.py","html_filename":"google_appengine_api_datastore_admin_py.html","nums":[1,50,0,33,0,0,0]},"hash":"2c20e43510fabe7ad2d59c199c950d2a"},"ctypes_macholib_py":{"index":{"relative_filename":"ctypes/macholib.py","html_filename":"ctypes_macholib_py.html","nums":[1,1,0,1,0,0,0]},"hash":"315849d4be56ade88a6335021be52f1e"},"rsa_pem_py":{"index":{"relative_filename":"rsa/pem.py","html_filename":"rsa_pem_py.html","nums":[1,44,0,38,0,0,0]},"hash":"65df94848d47fb266a5711b9450e694a"},"google_appengine_api_mail_stub_py":{"index":{"relative_filename":"google/appengine/api/mail_stub.py","html_filename":"google_appengine_api_mail_stub_py.html","nums":[1,134,0,107,0,0,0]},"hash":"973c087d3d332c50d291731f9b4d6149"},"google_appengine_ext_ndb_model_py":{"index":{"relative_filename":"google/appengine/ext/ndb/model.py","html_filename":"google_appengine_ext_ndb_model_py.html","nums":[1,1750,0,918,0,0,0]},"hash":"618925baea810b837a1d2d58bea8ce18"},"google_appengine_ext_db_py":{"index":{"relative_filename":"google/appengine/ext/db.py","html_filename":"google_appengine_ext_db_py.html","nums":[1,1240,0,840,0,0,0]},"hash":"6c34353e0a5400b974741c807d446830"},"google_appengine_api_modules_py":{"index":{"relative_filename":"google/appengine/api/modules.py","html_filename":"google_appengine_api_modules_py.html","nums":[1,2,0,0,0,0,0]},"hash":"f86a3c76c1b6bee085a2eddb44d4d4f5"},"fancy_urllib_py":{"index":{"relative_filename":"fancy_urllib.py","html_filename":"fancy_urllib_py.html","nums":[1,203,0,170,0,0,0]},"hash":"a3cdb45f9fe7a32d3755141aa8b0e121"},"wsgiref_headers_py":{"index":{"relative_filename":"wsgiref/headers.py","html_filename":"wsgiref_headers_py.html","nums":[1,62,0,62,0,0,0]},"hash":"94eaa011a399cd4dbb18154ac4e422c1"},"google_appengine_ext_ndb_key_py":{"index":{"relative_filename":"google/appengine/ext/ndb/key.py","html_filename":"google_appengine_ext_ndb_key_py.html","nums":[1,386,0,172,0,0,0]},"hash":"e891ef45c0a723ac547fea7a02965824"},"httplib_py":{"index":{"relative_filename":"httplib.py","html_filename":"httplib_py.html","nums":[1,733,0,733,0,0,0]},"hash":"be90cdc049625d0b46859105f484607c"},"google_appengine_api_files_blobstore_py":{"index":{"relative_filename":"google/appengine/api/files/blobstore.py","html_filename":"google_appengine_api_files_blobstore_py.html","nums":[1,62,0,41,0,0,0]},"hash":"b86082ed37d073461b1060c69b5e85d8"},"google_appengine_ext_ndb_google_imports_py":{"index":{"relative_filename":"google/appengine/ext/ndb/google_imports.py","html_filename":"google_appengine_ext_ndb_google_imports_py.html","nums":[1,85,0,47,0,0,0]},"hash":"1c0088bf8b149e42ff7e3e118dcd6e62"},"requests_structures_py":{"index":{"relative_filename":"requests/structures.py","html_filename":"requests_structures_py.html","nums":[1,40,0,18,0,0,0]},"hash":"f0583cce966eb9ca9b3111b32e0cecd1"},"google_appengine_ext_blobstore_blobstore_py":{"index":{"relative_filename":"google/appengine/ext/blobstore/blobstore.py","html_filename":"google_appengine_ext_blobstore_blobstore_py.html","nums":[1,333,0,223,0,0,0]},"hash":"12530c01c0458c9de0a114f7ecf32a44"},"google_appengine_api_queueinfo_py":{"index":{"relative_filename":"google/appengine/api/queueinfo.py","html_filename":"google_appengine_api_queueinfo_py.html","nums":[1,145,0,97,0,0,0]},"hash":"72b92d6a924c0bdda2b3c70e06ce414f"},"google_appengine_api_channel_py":{"index":{"relative_filename":"google/appengine/api/channel.py","html_filename":"google_appengine_api_channel_py.html","nums":[1,2,0,0,0,0,0]},"hash":"a22de839edb6c5e94eaabe2165257d41"},"google_appengine_api_search_stub_simple_facet_py":{"index":{"relative_filename":"google/appengine/api/search/stub/simple_facet.py","html_filename":"google_appengine_api_search_stub_simple_facet_py.html","nums":[1,172,0,137,0,0,0]},"hash":"a9ead9a3d8cb6ef871c753df30ae2fc3"},"google_appengine_api_apiproxy_stub_map_py":{"index":{"relative_filename":"google/appengine/api/apiproxy_stub_map.py","html_filename":"google_appengine_api_apiproxy_stub_map_py.html","nums":[1,211,0,69,0,0,0]},"hash":"c72c61e1c509acce9724cb66de11e860"},"canvas_sdk_client_auth_py":{"index":{"relative_filename":"canvas_sdk/client/auth.py","html_filename":"canvas_sdk_client_auth_py.html","nums":[1,9,0,5,0,0,0]},"hash":"13d4496bd6a1275699364e537c97e1e4"},"requests_packages_urllib3_util_selectors_py":{"index":{"relative_filename":"requests/packages/urllib3/util/selectors.py","html_filename":"requests_packages_urllib3_util_selectors_py.html","nums":[1,332,0,275,0,0,0]},"hash":"3875dd5375d592720ddce30048467aff"},"google_appengine_ext_webapp__webapp25_py":{"index":{"relative_filename":"google/appengine/ext/webapp/_webapp25.py","html_filename":"google_appengine_ext_webapp__webapp25_py.html","nums":[1,289,0,223,0,0,0]},"hash":"8623ce9656998fc383ee7725203bcbea"},"google_appengine_ext_ndb_py":{"index":{"relative_filename":"google/appengine/ext/ndb.py","html_filename":"google_appengine_ext_ndb_py.html","nums":[1,11,0,0,0,0,0]},"hash":"76598fcab6ba5c6889b3fc7daafa8b8b"},"google_appengine_datastore_cloud_datastore_validator_py":{"index":{"relative_filename":"google/appengine/datastore/cloud_datastore_validator.py","html_filename":"google_appengine_datastore_cloud_datastore_validator_py.html","nums":[1,370,0,276,0,0,0]},"hash":"76acd0a450c81109e540228547c3a81c"},"google_appengine_api_blobstore_blobstore_stub_py":{"index":{"relative_filename":"google/appengine/api/blobstore/blobstore_stub.py","html_filename":"google_appengine_api_blobstore_blobstore_stub_py.html","nums":[1,110,0,71,0,0,0]},"hash":"112cf9537407eacc330745442e9c7ffe"},"decimal_py":{"index":{"relative_filename":"decimal.py","html_filename":"decimal_py.html","nums":[1,2489,0,2489,0,0,0]},"hash":"c006f05afd9ee05aae73a76b3d0c0d96"},"rsa_transform_py":{"index":{"relative_filename":"rsa/transform.py","html_filename":"rsa_transform_py.html","nums":[1,72,0,57,0,0,0]},"hash":"d6bac5215680b58844d2ead7062342cb"},"requests_packages_urllib3_poolmanager_py":{"index":{"relative_filename":"requests/packages/urllib3/poolmanager.py","html_filename":"requests_packages_urllib3_poolmanager_py.html","nums":[1,140,0,101,0,0,0]},"hash":"d640d524da20108486ec440ed41cc2f4"},"canvas_sdk_client_py":{"index":{"relative_filename":"canvas_sdk/client.py","html_filename":"canvas_sdk_client_py.html","nums":[1,3,0,0,0,0,0]},"hash":"90c821e292b475c683c61509d0480101"},"google_net_proto_message_set_py":{"index":{"relative_filename":"google/net/proto/message_set.py","html_filename":"google_net_proto_message_set_py.html","nums":[1,235,0,179,0,0,0]},"hash":"a682f45f8985d6796057c4b99ad80edc"},"google_appengine__internal_py":{"index":{"relative_filename":"google/appengine/_internal.py","html_filename":"google_appengine__internal_py.html","nums":[1,0,0,0,0,0,0]},"hash":"6239d0b6cb583d35659c51e6c5e002c1"},"google_appengine_api_capabilities_capability_stub_py":{"index":{"relative_filename":"google/appengine/api/capabilities/capability_stub.py","html_filename":"google_appengine_api_capabilities_capability_stub_py.html","nums":[1,30,0,18,0,0,0]},"hash":"5c69f55363248693d5bb4d1ebaf425a4"},"main_py":{"index":{"relative_filename":"main.py","html_filename":"main_py.html","nums":[1,104,0,81,0,0,0]},"hash":"031bc9790e14fe94ee40717eb1d9b5cc"},"google_appengine__internal_antlr3_recognizers_py":{"index":{"relative_filename":"google/appengine/_internal/antlr3/recognizers.py","html_filename":"google_appengine__internal_antlr3_recognizers_py.html","nums":[1,447,0,345,0,0,0]},"hash":"87df5bf7c8dc5e043dd072737244ef82"},"google_appengine_api_search_py":{"index":{"relative_filename":"google/appengine/api/search.py","html_filename":"google_appengine_api_search_py.html","nums":[1,72,0,0,0,0,0]},"hash":"064859e226fabbb626e9f4817f43db3e"},"google_appengine_api_files_gs_py":{"index":{"relative_filename":"google/appengine/api/files/gs.py","html_filename":"google_appengine_api_files_gs_py.html","nums":[1,143,0,114,0,0,0]},"hash":"ef1eb84013ca2db105fa6444ed7bcefa"},"google_appengine_api_search_query_parser_py":{"index":{"relative_filename":"google/appengine/api/search/query_parser.py","html_filename":"google_appengine_api_search_query_parser_py.html","nums":[1,127,0,95,0,0,0]},"hash":"3e1792a281f304a187b2ecc819ee9812"},"google_appengine_api_search_ExpressionParser_py":{"index":{"relative_filename":"google/appengine/api/search/ExpressionParser.py","html_filename":"google_appengine_api_search_ExpressionParser_py.html","nums":[1,1086,0,872,0,0,0]},"hash":"9e48579bef53e3495fd7300fe0b77c6d"},"google_appengine_api_taskqueue_taskqueue_stub_py":{"index":{"relative_filename":"google/appengine/api/taskqueue/taskqueue_stub.py","html_filename":"google_appengine_api_taskqueue_taskqueue_stub_py.html","nums":[1,1016,0,862,0,0,0]},"hash":"ad0df0da105e5aa1b4844c5baa397cd8"},"google_appengine_api_datastore_py":{"index":{"relative_filename":"google/appengine/api/datastore.py","html_filename":"google_appengine_api_datastore_py.html","nums":[1,1021,0,786,0,0,0]},"hash":"76d31e7e4ebf0436e46e0c9518e22bc5"},"requests_packages_urllib3_util_retry_py":{"index":{"relative_filename":"requests/packages/urllib3/util/retry.py","html_filename":"requests_packages_urllib3_util_retry_py.html","nums":[1,144,0,99,0,0,0]},"hash":"90b3ef85c8a6be6bb1afe6dec0519a2f"},"google_appengine_ext_webapp_py":{"index":{"relative_filename":"google/appengine/ext/webapp.py","html_filename":"google_appengine_ext_webapp_py.html","nums":[1,34,0,23,0,0,0]},"hash":"7c4776371033eb46692cb812e6364c0f"},"google_appengine_api_search_ExpressionLexer_py":{"index":{"relative_filename":"google/appengine/api/search/ExpressionLexer.py","html_filename":"google_appengine_api_search_ExpressionLexer_py.html","nums":[1,828,0,686,0,0,0]},"hash":"123f5747d5771d1ff28ed45d951243ea"},"rsa_core_py":{"index":{"relative_filename":"rsa/core.py","html_filename":"rsa_core_py.html","nums":[1,21,0,16,0,0,0]},"hash":"7b75425738c89d8dc8e0b5564419b419"},"requests_packages_chardet_py":{"index":{"relative_filename":"requests/packages/chardet.py","html_filename":"requests_packages_chardet_py.html","nums":[1,11,0,8,0,0,0]},"hash":"b63540469e09e160cc069de96dea4b7e"},"simplejson_compat_py":{"index":{"relative_filename":"simplejson/compat.py","html_filename":"simplejson_compat_py.html","nums":[1,38,0,21,0,0,0]},"hash":"aae89349d82274e799300b307503e016"},"rsa_pkcs1_py":{"index":{"relative_filename":"rsa/pkcs1.py","html_filename":"rsa_pkcs1_py.html","nums":[1,71,0,55,0,0,0]},"hash":"feac0fef246ee0352ef49b7997a58da9"},"google_appengine_datastore_datastore_sqlite_stub_py":{"index":{"relative_filename":"google/appengine/datastore/datastore_sqlite_stub.py","html_filename":"google_appengine_datastore_datastore_sqlite_stub_py.html","nums":[1,641,0,550,0,0,0]},"hash":"a8f8a347965ce8028117096312cedb70"},"google_appengine_api_urlfetch_errors_py":{"index":{"relative_filename":"google/appengine/api/urlfetch_errors.py","html_filename":"google_appengine_api_urlfetch_errors_py.html","nums":[1,16,0,1,0,0,0]},"hash":"d6ed1d241a401a9b82f3712059531505"},"google_appengine_api_files_shuffler_py":{"index":{"relative_filename":"google/appengine/api/files/shuffler.py","html_filename":"google_appengine_api_files_shuffler_py.html","nums":[1,35,0,25,0,0,0]},"hash":"59292c299567488cb8c3c070f386a64e"},"requests_packages_urllib3_util_wait_py":{"index":{"relative_filename":"requests/packages/urllib3/util/wait.py","html_filename":"requests_packages_urllib3_util_wait_py.html","nums":[1,16,0,12,0,0,0]},"hash":"a3295f4196e3fcfa2fea467f46422e47"},"ctypes__endian_py":{"index":{"relative_filename":"ctypes/_endian.py","html_filename":"ctypes__endian_py.html","nums":[1,35,0,35,0,0,0]},"hash":"aaa1f002bfc8883781e83a141f7ce619"},"google_appengine_datastore_datastore_v3_pb_py":{"index":{"relative_filename":"google/appengine/datastore/datastore_v3_pb.py","html_filename":"google_appengine_datastore_datastore_v3_pb_py.html","nums":[1,7270,0,4864,0,0,0]},"hash":"983c897da04e12bc4444c897b235cb2e"},"google_appengine_api_apiproxy_rpc_py":{"index":{"relative_filename":"google/appengine/api/apiproxy_rpc.py","html_filename":"google_appengine_api_apiproxy_rpc_py.html","nums":[1,66,0,10,0,0,0]},"hash":"a056e8141dda4def17c186b1d55c1a25"},"requests_certs_py":{"index":{"relative_filename":"requests/certs.py","html_filename":"requests_certs_py.html","nums":[1,9,0,1,0,0,0]},"hash":"b2bb2b930be0af36037a5a2b5c6545a7"},"data_course_py":{"index":{"relative_filename":"data/course.py","html_filename":"data_course_py.html","nums":[1,9,0,0,0,0,0]},"hash":"f2e4b63a25d9d8c43c109015202411a7"},"google_appengine_api_search_stub_py":{"index":{"relative_filename":"google/appengine/api/search/stub.py","html_filename":"google_appengine_api_search_stub_py.html","nums":[1,0,0,0,0,0,0]},"hash":"909a6a21506712e62c114c3edbec2c8c"},"google_appengine_api_mail_errors_py":{"index":{"relative_filename":"google/appengine/api/mail_errors.py","html_filename":"google_appengine_api_mail_errors_py.html","nums":[1,14,0,0,0,0,0]},"hash":"0262423c2ea6ac981686ff43ed709650"},"bisect_py":{"index":{"relative_filename":"bisect.py","html_filename":"bisect_py.html","nums":[1,46,0,46,0,0,0]},"hash":"8a59f1bd68b5ab7f96a39d4d22c20168"},"google_appengine_datastore_datastore_pbs_py":{"index":{"relative_filename":"google/appengine/datastore/datastore_pbs.py","html_filename":"google_appengine_datastore_datastore_pbs_py.html","nums":[1,812,0,672,0,0,0]},"hash":"9a02d8e7aa5586f3df18d74e3ba47746"},"webob_acceptparse_py":{"index":{"relative_filename":"webob/acceptparse.py","html_filename":"webob_acceptparse_py.html","nums":[1,212,0,163,0,0,0]},"hash":"9e38277fece56d59a3591535a96907fe"},"google_appengine_runtime_apiproxy_errors_py":{"index":{"relative_filename":"google/appengine/runtime/apiproxy_errors.py","html_filename":"google_appengine_runtime_apiproxy_errors_py.html","nums":[1,29,0,5,0,0,0]},"hash":"ee706339692773f3e5d2779c48a62110"},"ctypes_util_py":{"index":{"relative_filename":"ctypes/util.py","html_filename":"ctypes_util_py.html","nums":[1,199,0,199,0,0,0]},"hash":"8cfcc3fed182264b511cbf63e6b2b0ce"},"google_appengine_datastore_document_pb_py":{"index":{"relative_filename":"google/appengine/datastore/document_pb.py","html_filename":"google_appengine_datastore_document_pb_py.html","nums":[1,1779,0,1238,0,0,0]},"hash":"1f05aa9810f834c398f0f842f409c47b"},"requests_packages_urllib3_contrib_py":{"index":{"relative_filename":"requests/packages/urllib3/contrib.py","html_filename":"requests_packages_urllib3_contrib_py.html","nums":[1,0,0,0,0,0,0]},"hash":"eef1bc6a4630e20d1fc10b7474fc01f8"},"ctypes_macholib_dylib_py":{"index":{"relative_filename":"ctypes/macholib/dylib.py","html_filename":"ctypes_macholib_dylib_py.html","nums":[1,20,0,20,0,0,0]},"hash":"a915969810f01702521c2b78a3665662"},"google_appengine_api_search_QueryParser_py":{"index":{"relative_filename":"google/appengine/api/search/QueryParser.py","html_filename":"google_appengine_api_search_QueryParser_py.html","nums":[1,1529,0,1266,0,0,0]},"hash":"7bda383313e1636adf427c21c8f4d52e"},"requests_packages_urllib3_util_url_py":{"index":{"relative_filename":"requests/packages/urllib3/util/url.py","html_filename":"requests_packages_urllib3_util_url_py.html","nums":[1,102,0,87,0,0,0]},"hash":"8a434845012ce4ee5ee57a0168d293fd"},"markupsafe_py":{"index":{"relative_filename":"markupsafe.py","html_filename":"markupsafe_py.html","nums":[1,110,0,54,0,0,0]},"hash":"c2326dc9077cdcf1a0833a761e6bb132"},"webob_request_py":{"index":{"relative_filename":"webob/request.py","html_filename":"webob_request_py.html","nums":[1,890,28,706,0,0,0]},"hash":"47b75a8382a8fc5d8572a73fcd1f4823"},"requests_models_py":{"index":{"relative_filename":"requests/models.py","html_filename":"requests_models_py.html","nums":[1,441,0,371,0,0,0]},"hash":"ab9182e596009e9c734e70826954d108"},"webtest_forms_py":{"index":{"relative_filename":"webtest/forms.py","html_filename":"webtest_forms_py.html","nums":[1,343,4,256,0,0,0]},"hash":"bd87e325687011b3979b33f40965cf54"},"webob_multidict_py":{"index":{"relative_filename":"webob/multidict.py","html_filename":"webob_multidict_py.html","nums":[1,312,25,206,0,0,0]},"hash":"ae95bc70d9efcfc6e409a446d44d25d7"},"google_appengine_datastore_action_pb_py":{"index":{"relative_filename":"google/appengine/datastore/action_pb.py","html_filename":"google_appengine_datastore_action_pb_py.html","nums":[1,4,0,0,0,0,0]},"hash":"c5f1f0db59978d969f90e17ce5bd241c"},"google_appengine_datastore_datastore_index_py":{"index":{"relative_filename":"google/appengine/datastore/datastore_index.py","html_filename":"google_appengine_datastore_datastore_index_py.html","nums":[1,408,0,273,0,0,0]},"hash":"9a6bb3fc23ea7a1aaac1d5009aae1b00"},"google_net_py":{"index":{"relative_filename":"google/net.py","html_filename":"google_net_py.html","nums":[1,0,0,0,0,0,0]},"hash":"6239d0b6cb583d35659c51e6c5e002c1"},"google_appengine_api_memcache_memcache_stub_py":{"index":{"relative_filename":"google/appengine/api/memcache/memcache_stub.py","html_filename":"google_appengine_api_memcache_memcache_stub_py.html","nums":[1,172,0,85,0,0,0]},"hash":"d79d9cc646ce3362667b378e65102183"},"encodings_hex_codec_py":{"index":{"relative_filename":"encodings/hex_codec.py","html_filename":"encodings_hex_codec_py.html","nums":[1,28,0,28,0,0,0]},"hash":"ee62cc317884f492f465aafbdead4384"},"webapp2_py":{"index":{"relative_filename":"webapp2.py","html_filename":"webapp2_py.html","nums":[1,673,61,434,0,0,0]},"hash":"2418ae0f92cae39499f20ce9f1f5babe"},"google_appengine_api_app_identity_py":{"index":{"relative_filename":"google/appengine/api/app_identity.py","html_filename":"google_appengine_api_app_identity_py.html","nums":[1,2,0,0,0,0,0]},"hash":"e5f7a18a563fa0cd7887e292bf85e34a"},"requests_packages_urllib3_util_connection_py":{"index":{"relative_filename":"requests/packages/urllib3/util/connection.py","html_filename":"requests_packages_urllib3_util_connection_py.html","nums":[1,66,0,46,0,0,0]},"hash":"d64edeed6890510bd7ffb010aecd750a"},"google_appengine_datastore_entity_v4_pb_py":{"index":{"relative_filename":"google/appengine/datastore/entity_v4_pb.py","html_filename":"google_appengine_datastore_entity_v4_pb_py.html","nums":[1,1378,0,967,0,0,0]},"hash":"6504d646f303237ba9d8a85e4744e442"},"google_appengine_api_memcache_memcache_service_pb_py":{"index":{"relative_filename":"google/appengine/api/memcache/memcache_service_pb.py","html_filename":"google_appengine_api_memcache_memcache_service_pb_py.html","nums":[1,2680,0,1747,0,0,0]},"hash":"5a1c287e71c0c927c7c24f017ceaa95e"},"google_appengine_api_runtime_py":{"index":{"relative_filename":"google/appengine/api/runtime.py","html_filename":"google_appengine_api_runtime_py.html","nums":[1,2,0,0,0,0,0]},"hash":"e27a0f7f188d8a48759cf95d0e334016"},"google_appengine_api_system_system_service_pb_py":{"index":{"relative_filename":"google/appengine/api/system/system_service_pb.py","html_filename":"google_appengine_api_system_system_service_pb_py.html","nums":[1,517,0,323,0,0,0]},"hash":"7a4504e155b9b4390265cd2c6f83bbaf"},"_MozillaCookieJar_py":{"index":{"relative_filename":"_MozillaCookieJar.py","html_filename":"_MozillaCookieJar_py.html","nums":[1,68,0,68,0,0,0]},"hash":"31bcb9c7386ebef24d0a5db33f6399a1"},"jinja2_utils_py":{"index":{"relative_filename":"jinja2/utils.py","html_filename":"jinja2_utils_py.html","nums":[1,322,0,202,0,0,0]},"hash":"531906cec9f8bda1b0fb3b5bf7e13983"},"google_appengine_api_users_py":{"index":{"relative_filename":"google/appengine/api/users.py","html_filename":"google_appengine_api_users_py.html","nums":[1,114,0,58,0,0,0]},"hash":"e6918914b3d0593cd68151ee5a8c894f"},"requests_sessions_py":{"index":{"relative_filename":"requests/sessions.py","html_filename":"requests_sessions_py.html","nums":[1,264,0,216,0,0,0]},"hash":"70805d6880cfd09c64946fdb470e889e"},"htmlentitydefs_py":{"index":{"relative_filename":"htmlentitydefs.py","html_filename":"htmlentitydefs_py.html","nums":[1,9,0,9,0,0,0]},"hash":"9ae480c0b9c5cf686f2c7122c8a58554"},"google_appengine_ext_cloudstorage_py":{"index":{"relative_filename":"google/appengine/ext/cloudstorage.py","html_filename":"google_appengine_ext_cloudstorage_py.html","nums":[1,2,0,0,0,0,0]},"hash":"c00e03faefef035407e3fdb4b15bac9a"},"google_appengine_api_datastore_errors_py":{"index":{"relative_filename":"google/appengine/api/datastore_errors.py","html_filename":"google_appengine_api_datastore_errors_py.html","nums":[1,37,0,12,0,0,0]},"hash":"adea66c005f5c3f93db5746bbb7785d4"},"google_appengine_datastore_datastore_v4_stub_py":{"index":{"relative_filename":"google/appengine/datastore/datastore_v4_stub.py","html_filename":"google_appengine_datastore_datastore_v4_stub_py.html","nums":[1,225,0,191,0,0,0]},"hash":"159fe09ee35acf6a9194f7bd3d84850a"},"stringprep_py":{"index":{"relative_filename":"stringprep.py","html_filename":"stringprep_py.html","nums":[1,65,0,65,0,0,0]},"hash":"37bf43ad8ef488042ad45881d9d4e549"},"data_student_py":{"index":{"relative_filename":"data/student.py","html_filename":"data_student_py.html","nums":[1,6,0,0,0,0,0]},"hash":"498926d1b687e4f718b8c308fd9b6654"},"requests_packages_urllib3_packages_ssl_match_hostname_py":{"index":{"relative_filename":"requests/packages/urllib3/packages/ssl_match_hostname.py","html_filename":"requests_packages_urllib3_packages_ssl_match_hostname_py.html","nums":[1,11,0,1,0,0,0]},"hash":"a7f0eecd9c9a15fbb7913747bf688ef4"},"google_appengine_datastore_snapshot_pb_py":{"index":{"relative_filename":"google/appengine/datastore/snapshot_pb.py","html_filename":"google_appengine_datastore_snapshot_pb_py.html","nums":[1,85,0,44,0,0,0]},"hash":"422c888baf509f4119f5b2164e775953"},"google_appengine_base_py":{"index":{"relative_filename":"google/appengine/base.py","html_filename":"google_appengine_base_py.html","nums":[1,0,0,0,0,0,0]},"hash":"6239d0b6cb583d35659c51e6c5e002c1"},"requests_packages_urllib3_exceptions_py":{"index":{"relative_filename":"requests/packages/urllib3/exceptions.py","html_filename":"requests_packages_urllib3_exceptions_py.html","nums":[1,96,0,21,0,0,0]},"hash":"8e1ac9a383a6c8db331c9e869a1d43dc"},"requests_packages_urllib3_util_response_py":{"index":{"relative_filename":"requests/packages/urllib3/util/response.py","html_filename":"requests_packages_urllib3_util_response_py.html","nums":[1,32,0,26,0,0,0]},"hash":"0ffd3f38bfaa4d3e9e2952ed6fe4013b"},"webob_response_py":{"index":{"relative_filename":"webob/response.py","html_filename":"webob_response_py.html","nums":[1,699,7,542,0,0,0]},"hash":"ae9e05b02c8c049d8f7217b958ab79d6"},"canvas_sdk_client_base_py":{"index":{"relative_filename":"canvas_sdk/client/base.py","html_filename":"canvas_sdk_client_base_py.html","nums":[1,50,0,37,0,0,0]},"hash":"86b03d41f25bf5571b300770d5170d6b"},"google_appengine_api_taskqueue_taskqueue_py":{"index":{"relative_filename":"google/appengine/api/taskqueue/taskqueue.py","html_filename":"google_appengine_api_taskqueue_taskqueue_py.html","nums":[1,790,0,612,0,0,0]},"hash":"e7b7541394d55abf5a5bd1b5879eec94"},"jinja2_visitor_py":{"index":{"relative_filename":"jinja2/visitor.py","html_filename":"jinja2_visitor_py.html","nums":[1,40,0,31,0,0,0]},"hash":"5c85c3b714926314404d30c01903e1db"},"numbers_py":{"index":{"relative_filename":"numbers.py","html_filename":"numbers_py.html","nums":[1,132,0,132,0,0,0]},"hash":"24e4a158edd63b1ae8592c36246abb31"},"google_appengine_api_datastore_file_stub_py":{"index":{"relative_filename":"google/appengine/api/datastore_file_stub.py","html_filename":"google_appengine_api_datastore_file_stub_py.html","nums":[1,314,0,177,0,0,0]},"hash":"6b5ca2316f22b7c45afe71f5b9f34b62"},"google_appengine_api_blobstore_dict_blob_storage_py":{"index":{"relative_filename":"google/appengine/api/blobstore/dict_blob_storage.py","html_filename":"google_appengine_api_blobstore_dict_blob_storage_py.html","nums":[1,26,0,16,0,0,0]},"hash":"3a160c6f1faaaa7f363cabcbd1b5c5ec"},"Cookie_py":{"index":{"relative_filename":"Cookie.py","html_filename":"Cookie_py.html","nums":[1,209,0,209,0,0,0]},"hash":"69724d5ddf6a34079e33d19d97d5cdb7"},"bs4_dammit_py":{"index":{"relative_filename":"bs4/dammit.py","html_filename":"bs4_dammit_py.html","nums":[1,258,0,187,0,0,0]},"hash":"7509f230c8d6aded3553456658c8c34a"},"jinja2_defaults_py":{"index":{"relative_filename":"jinja2/defaults.py","html_filename":"jinja2_defaults_py.html","nums":[1,16,0,0,0,0,0]},"hash":"477d597989249cba0502943442bdd969"},"requests_packages_urllib3_util_ssl__py":{"index":{"relative_filename":"requests/packages/urllib3/util/ssl_.py","html_filename":"requests_packages_urllib3_util_ssl__py.html","nums":[1,125,0,98,0,0,0]},"hash":"dbabe9f14257acee59f335269b652db8"},"canvas_sdk_client_request_context_py":{"index":{"relative_filename":"canvas_sdk/client/request_context.py","html_filename":"canvas_sdk_client_request_context_py.html","nums":[1,44,0,34,0,0,0]},"hash":"40df3e5ab44ae440509126babda88186"},"google_appengine_api_search_geo_util_py":{"index":{"relative_filename":"google/appengine/api/search/geo_util.py","html_filename":"google_appengine_api_search_geo_util_py.html","nums":[1,22,0,14,0,0,0]},"hash":"ddfe236b54ecff64ca4ea0321f738d7a"},"requests_packages_urllib3_request_py":{"index":{"relative_filename":"requests/packages/urllib3/request.py","html_filename":"requests_packages_urllib3_request_py.html","nums":[1,38,0,27,0,0,0]},"hash":"5fc69268e515094b73e20631fb34a363"},"mimetools_py":{"index":{"relative_filename":"mimetools.py","html_filename":"mimetools_py.html","nums":[1,162,0,162,0,0,0]},"hash":"13a69982045cc8e305d71331a012bc9a"},"requests_packages_urllib3_packages_py":{"index":{"relative_filename":"requests/packages/urllib3/packages.py","html_filename":"requests_packages_urllib3_packages_py.html","nums":[1,3,0,0,0,0,0]},"hash":"9aea739195a9d975e9618480af75e3cc"},"rsa_common_py":{"index":{"relative_filename":"rsa/common.py","html_filename":"rsa_common_py.html","nums":[1,57,0,49,0,0,0]},"hash":"77b82b8274545d43567a029e0b3f3353"},"jinja2_loaders_py":{"index":{"relative_filename":"jinja2/loaders.py","html_filename":"jinja2_loaders_py.html","nums":[1,205,0,153,0,0,0]},"hash":"0e404e0ce4aca59233839c9dc546d628"},"google_appengine_api_search_search_py":{"index":{"relative_filename":"google/appengine/api/search/search.py","html_filename":"google_appengine_api_search_search_py.html","nums":[1,1468,0,1022,0,0,0]},"hash":"6c3945acec6942461736a989b5b4cb74"},"google_appengine_api_blobstore_blobstore_py":{"index":{"relative_filename":"google/appengine/api/blobstore/blobstore.py","html_filename":"google_appengine_api_blobstore_blobstore_py.html","nums":[1,140,0,98,0,0,0]},"hash":"360726bc8c2b6c0ebf65fd7232d59f83"},"jinja2_optimizer_py":{"index":{"relative_filename":"jinja2/optimizer.py","html_filename":"jinja2_optimizer_py.html","nums":[1,31,0,21,0,0,0]},"hash":"77b2f536077e0a3e68594cc3b5450d49"},"canvas_sdk_methods_py":{"index":{"relative_filename":"canvas_sdk/methods.py","html_filename":"canvas_sdk_methods_py.html","nums":[1,0,0,0,0,0,0]},"hash":"eef1bc6a4630e20d1fc10b7474fc01f8"},"google_appengine_api_api_base_pb_py":{"index":{"relative_filename":"google/appengine/api/api_base_pb.py","html_filename":"google_appengine_api_api_base_pb_py.html","nums":[1,454,0,269,0,0,0]},"hash":"fb0a0339ca62a6ce956787a72ed70e51"},"google_appengine_api_search_search_service_pb_py":{"index":{"relative_filename":"google/appengine/api/search/search_service_pb.py","html_filename":"google_appengine_api_search_search_service_pb_py.html","nums":[1,5675,0,3985,0,0,0]},"hash":"c7098571a086cb80fd1fe96cfe51b429"},"requests_hooks_py":{"index":{"relative_filename":"requests/hooks.py","html_filename":"requests_hooks_py.html","nums":[1,15,0,11,0,0,0]},"hash":"2fb1a8f7ce550cb2e3fb662e97c3b3cf"},"google_appengine_api_channel_channel_py":{"index":{"relative_filename":"google/appengine/api/channel/channel.py","html_filename":"google_appengine_api_channel_channel_py.html","nums":[1,69,0,50,0,0,0]},"hash":"d610f1c41ee24e13e09c3398a83b1a82"},"google_appengine_datastore_datastore_rpc_py":{"index":{"relative_filename":"google/appengine/datastore/datastore_rpc.py","html_filename":"google_appengine_datastore_datastore_rpc_py.html","nums":[1,1073,0,647,0,0,0]},"hash":"f401dda292f2462b5f9698b4ddd9b8b6"},"google_appengine_api_files_py":{"index":{"relative_filename":"google/appengine/api/files.py","html_filename":"google_appengine_api_files_py.html","nums":[1,5,0,0,0,0,0]},"hash":"dae94a55b0504817cac6efddf14af902"},"google_appengine_api_user_service_pb_py":{"index":{"relative_filename":"google/appengine/api/user_service_pb.py","html_filename":"google_appengine_api_user_service_pb_py.html","nums":[1,900,0,577,0,0,0]},"hash":"ae74bc40ff9e72e8ce838752d06ac36a"},"google_appengine_api_runtime_runtime_py":{"index":{"relative_filename":"google/appengine/api/runtime/runtime.py","html_filename":"google_appengine_api_runtime_runtime_py.html","nums":[1,34,0,20,0,0,0]},"hash":"bf09e173365c15b1e4147a64d19ffd76"},"google_appengine_ext_ndb_eventloop_py":{"index":{"relative_filename":"google/appengine/ext/ndb/eventloop.py","html_filename":"google_appengine_ext_ndb_eventloop_py.html","nums":[1,177,0,67,0,0,0]},"hash":"e80659b116ab1f75d0179d672c4aa32c"},"google_appengine_api_search_QueryLexer_py":{"index":{"relative_filename":"google/appengine/api/search/QueryLexer.py","html_filename":"google_appengine_api_search_QueryLexer_py.html","nums":[1,596,0,482,0,0,0]},"hash":"310f94da08255a891fde099fdc5d2eb4"},"simplejson_encoder_py":{"index":{"relative_filename":"simplejson/encoder.py","html_filename":"simplejson_encoder_py.html","nums":[1,368,2,313,0,0,0]},"hash":"4749a384fbae033c2f50c0d211da3e42"},"google_appengine_api_app_identity_app_identity_py":{"index":{"relative_filename":"google/appengine/api/app_identity/app_identity.py","html_filename":"google_appengine_api_app_identity_app_identity_py.html","nums":[1,190,0,142,0,0,0]},"hash":"e1e79b8b09e38e1fe16d619ac11eefea"},"google_appengine_runtime_py":{"index":{"relative_filename":"google/appengine/runtime.py","html_filename":"google_appengine_runtime_py.html","nums":[1,8,0,3,0,0,0]},"hash":"98593400ac18e9812f450c69fe5b0860"},"six_py":{"index":{"relative_filename":"six.py","html_filename":"six_py.html","nums":[1,439,0,199,0,0,0]},"hash":"25f39eac4f5a8217a2acf299aa069115"},"requests_packages_urllib3_connection_py":{"index":{"relative_filename":"requests/packages/urllib3/connection.py","html_filename":"requests_packages_urllib3_connection_py.html","nums":[1,160,0,105,0,0,0]},"hash":"38904fd9d28136c99932082a443dc521"},"google_appengine__internal_antlr3_compat_py":{"index":{"relative_filename":"google/appengine/_internal/antlr3/compat.py","html_filename":"google_appengine__internal_antlr3_compat_py.html","nums":[1,12,0,7,0,0,0]},"hash":"5654edd807efd69b247f62c4b57581d1"},"bs4_builder__htmlparser_py":{"index":{"relative_filename":"bs4/builder/_htmlparser.py","html_filename":"bs4_builder__htmlparser_py.html","nums":[1,155,0,122,0,0,0]},"hash":"7c46a125f8907928879502605745eb35"},"google_appengine_api_search_stub_expression_evaluator_py":{"index":{"relative_filename":"google/appengine/api/search/stub/expression_evaluator.py","html_filename":"google_appengine_api_search_stub_expression_evaluator_py.html","nums":[1,200,0,164,0,0,0]},"hash":"66339ce1bb4b581cdbb4a690076000c8"},"google_net_proto_ProtocolBuffer_py":{"index":{"relative_filename":"google/net/proto/ProtocolBuffer.py","html_filename":"google_net_proto_ProtocolBuffer_py.html","nums":[1,667,0,406,0,0,0]},"hash":"87d7f7330094b0141f2ea6addf4897cf"},"google_appengine_ext_blobstore_py":{"index":{"relative_filename":"google/appengine/ext/blobstore.py","html_filename":"google_appengine_ext_blobstore_py.html","nums":[1,2,0,0,0,0,0]},"hash":"fcaaac0947892e812bdce0da4394d6fc"},"google_appengine_ext_ndb_utils_py":{"index":{"relative_filename":"google/appengine/ext/ndb/utils.py","html_filename":"google_appengine_ext_ndb_utils_py.html","nums":[1,125,0,36,0,0,0]},"hash":"426517bf735ca4a4ab06524d9783884f"},"jinja2_parser_py":{"index":{"relative_filename":"jinja2/parser.py","html_filename":"jinja2_parser_py.html","nums":[1,647,0,587,0,0,0]},"hash":"35b6a24dee84a3040428580bdba0323f"},"webob_cookies_py":{"index":{"relative_filename":"webob/cookies.py","html_filename":"webob_cookies_py.html","nums":[1,414,6,283,0,0,0]},"hash":"052d52be673eb200d1a931472761c625"},"google_appengine_api_search_search_util_py":{"index":{"relative_filename":"google/appengine/api/search/search_util.py","html_filename":"google_appengine_api_search_search_util_py.html","nums":[1,105,0,79,0,0,0]},"hash":"40b70a9018d0802d1cea7646024f7dc0"},"encodings_idna_py":{"index":{"relative_filename":"encodings/idna.py","html_filename":"encodings_idna_py.html","nums":[1,164,0,164,0,0,0]},"hash":"8ed242a01f92017447c778e875d26a1b"},"rsa_py":{"index":{"relative_filename":"rsa.py","html_filename":"rsa_py.html","nums":[1,10,0,2,0,0,0]},"hash":"d07492842bc86f015f883d2da249edb6"},"google_appengine_api_files_file_service_stub_py":{"index":{"relative_filename":"google/appengine/api/files/file_service_stub.py","html_filename":"google_appengine_api_files_file_service_stub_py.html","nums":[1,388,0,297,0,0,0]},"hash":"dd4a5ee49730ed9d448c680563e45ac3"},"webob_py":{"index":{"relative_filename":"webob.py","html_filename":"webob_py.html","nums":[1,6,0,0,0,0,0]},"hash":"627972a615677c6bd64f6b572cfb22f7"},"simplejson_py":{"index":{"relative_filename":"simplejson.py","html_filename":"simplejson_py.html","nums":[1,79,0,57,0,0,0]},"hash":"093cfce540a82390bd0a58b9690e9b6c"},"requests_packages_urllib3_fields_py":{"index":{"relative_filename":"requests/packages/urllib3/fields.py","html_filename":"requests_packages_urllib3_fields_py.html","nums":[1,69,0,56,0,0,0]},"hash":"55a81ab9e29cfc1e84756cd4dd02322c"},"google_appengine_ext_gql_py":{"index":{"relative_filename":"google/appengine/ext/gql.py","html_filename":"google_appengine_ext_gql_py.html","nums":[1,556,0,456,0,0,0]},"hash":"23e44dd20d23f523bc32f9d196e6732f"},"google_appengine_api_channel_channel_service_stub_py":{"index":{"relative_filename":"google/appengine/api/channel/channel_service_stub.py","html_filename":"google_appengine_api_channel_channel_service_stub_py.html","nums":[1,116,0,81,0,0,0]},"hash":"18b59d5504d2be2231331ba9252d4591"},"requests_cookies_py":{"index":{"relative_filename":"requests/cookies.py","html_filename":"requests_cookies_py.html","nums":[1,237,0,175,0,0,0]},"hash":"f1edad24eec22ec20bda6adbe1827bd0"},"requests_packages_urllib3_connectionpool_py":{"index":{"relative_filename":"requests/packages/urllib3/connectionpool.py","html_filename":"requests_packages_urllib3_connectionpool_py.html","nums":[1,313,0,252,0,0,0]},"hash":"7f1ecf64bc10fb36466ac3cc5e0883dc"},"bs4_element_py":{"index":{"relative_filename":"bs4/element.py","html_filename":"bs4_element_py.html","nums":[1,958,0,763,0,0,0]},"hash":"35417198c9436b64abca2fe2f9e8d88a"},"google_appengine__internal_antlr3_tree_py":{"index":{"relative_filename":"google/appengine/_internal/antlr3/tree.py","html_filename":"google_appengine__internal_antlr3_tree_py.html","nums":[1,836,0,581,0,0,0]},"hash":"b3bee0845c55ac10bad194ea4564283f"},"google_appengine_ext_ndb_tasklets_py":{"index":{"relative_filename":"google/appengine/ext/ndb/tasklets.py","html_filename":"google_appengine_ext_ndb_tasklets_py.html","nums":[1,702,0,432,0,0,0]},"hash":"186154f69e1a99e670b72e6c5c176f1e"},"data_py":{"index":{"relative_filename":"data.py","html_filename":"data_py.html","nums":[1,0,0,0,0,0,0]},"hash":"eef1bc6a4630e20d1fc10b7474fc01f8"},"google_appengine_datastore_sortable_pb_encoder_py":{"index":{"relative_filename":"google/appengine/datastore/sortable_pb_encoder.py","html_filename":"google_appengine_datastore_sortable_pb_encoder_py.html","nums":[1,195,0,162,0,0,0]},"hash":"9f3d0e94c65e1d4b9d88f067d00683e2"},"jinja2_nodes_py":{"index":{"relative_filename":"jinja2/nodes.py","html_filename":"jinja2_nodes_py.html","nums":[1,423,0,223,0,0,0]},"hash":"f8513e0878cc46ecc99044d8f41eefd7"},"webapp2_extras_local_py":{"index":{"relative_filename":"webapp2_extras/local.py","html_filename":"webapp2_extras_local_py.html","nums":[1,137,11,59,0,0,0]},"hash":"872bb4c51dc6f6f1ca9c9f0aff8e3093"},"requests_packages_urllib3_filepost_py":{"index":{"relative_filename":"requests/packages/urllib3/filepost.py","html_filename":"requests_packages_urllib3_filepost_py.html","nums":[1,39,0,27,0,0,0]},"hash":"7168f851723a69496072589d4d98ff18"},"google_appengine_api_lib_config_py":{"index":{"relative_filename":"google/appengine/api/lib_config.py","html_filename":"google_appengine_api_lib_config_py.html","nums":[1,166,0,77,0,0,0]},"hash":"7b3bc3ceee43ca3110eea63f6ca92df6"},"ctypes_py":{"index":{"relative_filename":"ctypes.py","html_filename":"ctypes_py.html","nums":[1,340,0,340,0,0,0]},"hash":"e77e03dfe2731763e9ffdcb8a9449ff5"},"rsa_key_py":{"index":{"relative_filename":"rsa/key.py","html_filename":"rsa_key_py.html","nums":[1,139,0,103,0,0,0]},"hash":"025c242f5b973be7561d929e3c354b01"},"google_appengine_api_apiproxy_stub_py":{"index":{"relative_filename":"google/appengine/api/apiproxy_stub.py","html_filename":"google_appengine_api_apiproxy_stub_py.html","nums":[1,48,0,11,0,0,0]},"hash":"45fc26a774eb6c2a6001fc889890a389"},"jinja2_ext_py":{"index":{"relative_filename":"jinja2/ext.py","html_filename":"jinja2_ext_py.html","nums":[1,296,0,233,0,0,0]},"hash":"d8960d2795145c8bdbdf2590bc524360"},"webtest_app_py":{"index":{"relative_filename":"webtest/app.py","html_filename":"webtest_app_py.html","nums":[1,338,10,275,0,0,0]},"hash":"985231f53a56f91954d6bd8eb48813e2"},"requests_packages_urllib3_packages_ordered_dict_py":{"index":{"relative_filename":"requests/packages/urllib3/packages/ordered_dict.py","html_filename":"requests_packages_urllib3_packages_ordered_dict_py.html","nums":[1,155,0,122,0,0,0]},"hash":"f4b09ce53dc186126b4bcf0407f27e4f"},"google_appengine_api_capabilities_capability_service_pb_py":{"index":{"relative_filename":"google/appengine/api/capabilities/capability_service_pb.py","html_filename":"google_appengine_api_capabilities_capability_service_pb_py.html","nums":[1,301,0,200,0,0,0]},"hash":"0eec4a6d24e8a929d1ffcbbaac3516f5"},"markupbase_py":{"index":{"relative_filename":"markupbase.py","html_filename":"markupbase_py.html","nums":[1,276,0,276,0,0,0]},"hash":"35716440133f3a6fc47bceac7d497b2d"},"google_appengine_api_files_file_service_pb_py":{"index":{"relative_filename":"google/appengine/api/files/file_service_pb.py","html_filename":"google_appengine_api_files_file_service_pb_py.html","nums":[1,3829,0,2499,0,0,0]},"hash":"402618a865a1b957923e1ea6aba519d3"},"rfc822_py":{"index":{"relative_filename":"rfc822.py","html_filename":"rfc822_py.html","nums":[1,576,0,576,0,0,0]},"hash":"22df35259a143506d957f962c57b6a3b"},"google_appengine_ext_webapp_util_py":{"index":{"relative_filename":"google/appengine/ext/webapp/util.py","html_filename":"google_appengine_ext_webapp_util_py.html","nums":[1,70,0,51,0,0,0]},"hash":"0466606a6dcdcfc83e932c5d750749eb"},"google_appengine_runtime_features_py":{"index":{"relative_filename":"google/appengine/runtime/features.py","html_filename":"google_appengine_runtime_features_py.html","nums":[1,7,0,4,0,0,0]},"hash":"84efaea7f4bdfb3945622060791bb99d"},"requests_auth_py":{"index":{"relative_filename":"requests/auth.py","html_filename":"requests_auth_py.html","nums":[1,160,0,126,0,0,0]},"hash":"9f7a2f00bf55691ca711771be3b7ff7e"},"google_appengine_api_modules_modules_service_pb_py":{"index":{"relative_filename":"google/appengine/api/modules/modules_service_pb.py","html_filename":"google_appengine_api_modules_modules_service_pb_py.html","nums":[1,1194,0,719,0,0,0]},"hash":"9cb7929c9f4dacee4eea8248ccdb9003"},"email_header_py":{"index":{"relative_filename":"email/header.py","html_filename":"email_header_py.html","nums":[1,235,0,235,0,0,0]},"hash":"6a01097f1f27315ac375e77df8c1cf3c"},"webtest_compat_py":{"index":{"relative_filename":"webtest/compat.py","html_filename":"webtest_compat_py.html","nums":[1,19,12,6,0,0,0]},"hash":"612fef473a6a37771acd5ede9a21f481"},"requests_packages_urllib3_packages_ssl_match_hostname__implementation_py":{"index":{"relative_filename":"requests/packages/urllib3/packages/ssl_match_hostname/_implementation.py","html_filename":"requests_packages_urllib3_packages_ssl_match_hostname__implementation_py.html","nums":[1,73,0,60,0,0,0]},"hash":"0e28135dd5a3befb95fd33b674533a5b"},"google_appengine_api_taskqueue_py":{"index":{"relative_filename":"google/appengine/api/taskqueue.py","html_filename":"google_appengine_api_taskqueue_py.html","nums":[1,3,0,0,0,0,0]},"hash":"549b2c65cd78ad503f32abbcdfb34971"},"google_appengine__internal_antlr3_py":{"index":{"relative_filename":"google/appengine/_internal/antlr3.py","html_filename":"google_appengine__internal_antlr3_py.html","nums":[1,22,0,2,0,0,0]},"hash":"4aabb4bf200f2fc7c974e63f5440738b"},"simplejson_decoder_py":{"index":{"relative_filename":"simplejson/decoder.py","html_filename":"simplejson_decoder_py.html","nums":[1,227,0,178,0,0,0]},"hash":"7bdf3bc85089a58640999bc063e5ff4e"},"smtplib_py":{"index":{"relative_filename":"smtplib.py","html_filename":"smtplib_py.html","nums":[1,408,0,408,0,0,0]},"hash":"627e47599e5ef805065ac9df49602a75"},"google_appengine__internal_antlr3_exceptions_py":{"index":{"relative_filename":"google/appengine/_internal/antlr3/exceptions.py","html_filename":"google_appengine__internal_antlr3_exceptions_py.html","nums":[1,148,0,102,0,0,0]},"hash":"a2c12b8941ae9f2704840b67b9f0fbdb"},"sqlite3_dbapi2_py":{"index":{"relative_filename":"sqlite3/dbapi2.py","html_filename":"sqlite3_dbapi2_py.html","nums":[1,43,0,43,0,0,0]},"hash":"6110f21586181b04a7047f8876a180d3"},"webob_headers_py":{"index":{"relative_filename":"webob/headers.py","html_filename":"webob_headers_py.html","nums":[1,98,0,62,0,0,0]},"hash":"e95fd2c8259e1f8a573f4a23ca92f288"},"uuid_py":{"index":{"relative_filename":"uuid.py","html_filename":"uuid_py.html","nums":[1,323,0,323,0,0,0]},"hash":"147555fc3ed3aff336b31a536971c82d"},"webob_util_py":{"index":{"relative_filename":"webob/util.py","html_filename":"webob_util_py.html","nums":[1,46,2,30,0,0,0]},"hash":"90bb34ff0a18a72040164410a71d7175"},"sqlite3_py":{"index":{"relative_filename":"sqlite3.py","html_filename":"sqlite3_py.html","nums":[1,1,0,1,0,0,0]},"hash":"40ba9562e37ed4ddbc4d384224ff8760"},"google_appengine_api_blobstore_py":{"index":{"relative_filename":"google/appengine/api/blobstore.py","html_filename":"google_appengine_api_blobstore_py.html","nums":[1,2,0,0,0,0,0]},"hash":"fcaaac0947892e812bdce0da4394d6fc"},"requests_packages_urllib3_util_py":{"index":{"relative_filename":"requests/packages/urllib3/util.py","html_filename":"requests_packages_urllib3_util_py.html","nums":[1,10,0,0,0,0,0]},"hash":"184b212304ee90d8a03149f99522eb1f"},"google_appengine_datastore_datastore_stub_util_py":{"index":{"relative_filename":"google/appengine/datastore/datastore_stub_util.py","html_filename":"google_appengine_datastore_datastore_stub_util_py.html","nums":[1,2228,0,1262,0,0,0]},"hash":"8e6ce1587bb3b2c2ba7f1f8338a014d8"},"hmac_py":{"index":{"relative_filename":"hmac.py","html_filename":"hmac_py.html","nums":[1,55,0,55,0,0,0]},"hash":"61afa68112ac886218690d676396dcfa"},"encodings_unicode_escape_py":{"index":{"relative_filename":"encodings/unicode_escape.py","html_filename":"encodings_unicode_escape_py.html","nums":[1,16,0,16,0,0,0]},"hash":"fd2fd908ebb85e787beb19004dfa8add"},"webob_exc_py":{"index":{"relative_filename":"webob/exc.py","html_filename":"webob_exc_py.html","nums":[1,360,8,112,0,0,0]},"hash":"f3a8be51dd35fd21b12b600c7c14d301"},"google_appengine_api_user_service_stub_py":{"index":{"relative_filename":"google/appengine/api/user_service_stub.py","html_filename":"google_appengine_api_user_service_stub_py.html","nums":[1,72,0,32,0,0,0]},"hash":"3653e019cc35707d1c59ee89b87fba6d"},"login_unitest_py":{"index":{"relative_filename":"login_unitest.py","html_filename":"login_unitest_py.html","nums":[1,30,0,0,0,0,0]},"hash":"cf923b86d3b0e350d361410ab7d1eff5"},"google_appengine_api_logservice_logservice_py":{"index":{"relative_filename":"google/appengine/api/logservice/logservice.py","html_filename":"google_appengine_api_logservice_logservice_py.html","nums":[1,609,0,418,0,0,0]},"hash":"a5e0f346ca8f4b289bb45da72696ac7a"}},"version":"4.3.4","settings":"f78343e52d9e868a71045c446e07c95c","format":1}